slice,feature,importance
slice0,slice0_original_glcm_Imc1,0.013215829967748944
slice0,slice0_original_glcm_Imc2,0.010953729985802556
slice0,slice0_original_glrlm_RunEntropy,0.007775514471027982
slice0,slice0_original_gldm_LargeDependenceHighGrayLevelEmphasis,0.007258987137677332
slice0,slice0_original_shape2D_PixelSurface,0.006296938338347035
slice0,slice0_original_glszm_GrayLevelNonUniformity,0.004841355387944201
slice0,slice0_original_glcm_Correlation,0.004314549301298222
slice0,slice0_original_glszm_ZoneEntropy,0.004055446949580982
slice0,slice0_original_glszm_SizeZoneNonUniformity,0.0038183108477570405
slice0,slice0_original_shape2D_MajorAxisLength,0.0036741393325888023
slice0,slice0_original_glrlm_LongRunLowGrayLevelEmphasis,0.0036679682215773612
slice0,slice0_original_glszm_LargeAreaHighGrayLevelEmphasis,0.0034792735797674534
slice0,slice0_original_ngtdm_Complexity,0.00346571338599438
slice0,slice0_original_glrlm_RunVariance,0.0034075611087490544
slice0,slice0_original_glszm_ZoneVariance,0.002645183857536284
slice0,slice0_original_gldm_DependenceNonUniformityNormalized,0.0026030980606259525
slice0,slice0_original_glrlm_LongRunHighGrayLevelEmphasis,0.0025248553450636165
slice0,slice0_original_firstorder_90Percentile,0.002446047689510548
slice0,slice0_original_gldm_LargeDependenceLowGrayLevelEmphasis,0.002443162378023731
slice0,slice0_original_firstorder_Kurtosis,0.002305370426008051
slice0,slice0_original_gldm_SmallDependenceLowGrayLevelEmphasis,0.002304914614877902
slice0,slice0_original_glszm_SmallAreaLowGrayLevelEmphasis,0.0019819762943296595
slice0,slice0_original_shape2D_MinorAxisLength,0.0018418131907991047
slice0,slice0_original_glszm_HighGrayLevelZoneEmphasis,0.00173744284470499
slice0,slice0_original_glcm_MCC,0.0017210775396585372
slice0,slice0_original_firstorder_Uniformity,0.0014848978135124135
slice0,slice0_original_gldm_DependenceNonUniformity,0.0014720860328983495
slice0,slice0_original_shape2D_Elongation,0.0014416322228348443
slice0,slice0_original_firstorder_Range,0.0014086619947719695
slice0,slice0_original_shape2D_MaximumDiameter,0.0013844417224652356
slice0,slice0_original_gldm_DependenceVariance,0.0013018636277536708
slice0,slice0_original_gldm_GrayLevelNonUniformity,0.0012728227337016006
slice0,slice0_original_glcm_Autocorrelation,0.0012490943828743436
slice0,slice0_original_glcm_InverseVariance,0.0012409027029005322
slice0,slice0_original_glrlm_GrayLevelNonUniformity,0.0012142626720959978
slice0,slice0_original_glrlm_ShortRunLowGrayLevelEmphasis,0.001160406798541135
slice0,slice0_original_firstorder_Mean,0.0011577878259114356
slice0,slice0_original_firstorder_InterquartileRange,0.0011564502699424562
slice0,slice0_original_ngtdm_Strength,0.001098913484064278
slice0,slice0_original_firstorder_Energy,0.0010908665812373317
slice0,slice0_original_firstorder_Variance,0.0010840106645819288
slice0,slice0_original_shape2D_Sphericity,0.0010793505682449465
slice0,slice0_original_glrlm_LowGrayLevelRunEmphasis,0.0010742589059189239
slice0,slice0_original_shape2D_MeshSurface,0.0010717273459694315
slice0,slice0_original_firstorder_Skewness,0.0009764786488794633
slice0,slice0_original_glcm_JointEnergy,0.0009697436764552207
slice0,slice0_original_gldm_SmallDependenceHighGrayLevelEmphasis,0.0009612567591687518
slice0,slice0_original_glcm_ClusterTendency,0.0009276139542468569
slice0,slice0_original_shape2D_PerimeterSurfaceRatio,0.0008928134590328738
slice0,slice0_original_glrlm_ShortRunHighGrayLevelEmphasis,0.0008749873244680294
slice0,slice0_original_glrlm_GrayLevelNonUniformityNormalized,0.0008731440280595449
slice0,slice0_original_glcm_ClusterProminence,0.0008674889008616639
slice0,slice0_original_firstorder_RobustMeanAbsoluteDeviation,0.0008455313796084451
slice0,slice0_original_ngtdm_Coarseness,0.000845408756269144
slice0,slice0_original_glcm_Idn,0.0007681259384047634
slice0,slice0_original_firstorder_Median,0.0007523577159343795
slice0,slice0_original_gldm_GrayLevelVariance,0.0007480508359121079
slice0,slice0_original_glrlm_RunLengthNonUniformity,0.0007455363573454606
slice0,slice0_original_gldm_LargeDependenceEmphasis,0.0007075234230066853
slice0,slice0_original_glcm_ClusterShade,0.000699988179578878
slice0,slice0_original_firstorder_Entropy,0.0006905102788897026
slice0,slice0_original_glcm_SumSquares,0.0006831630496590907
slice0,slice0_original_glszm_LargeAreaEmphasis,0.000680274936472979
slice0,slice0_original_gldm_LowGrayLevelEmphasis,0.0006686658871425725
slice0,slice0_original_glcm_DifferenceEntropy,0.0006317673849808074
slice0,slice0_original_glszm_GrayLevelNonUniformityNormalized,0.0006285538200682336
slice0,slice0_original_glszm_GrayLevelVariance,0.0006263325799835577
slice0,slice0_original_glrlm_RunPercentage,0.0006225868204423786
slice0,slice0_original_firstorder_10Percentile,0.0005747339699741483
slice0,slice0_original_glrlm_LongRunEmphasis,0.0004837728227886777
slice0,slice0_original_firstorder_Maximum,0.0004643024054610647
slice0,slice0_original_glcm_Contrast,0.00044749677720902535
slice0,slice0_original_gldm_HighGrayLevelEmphasis,0.00042263509333034105
slice0,slice0_original_glcm_Id,0.00038556153872941446
slice0,slice0_original_gldm_SmallDependenceEmphasis,0.0003664922651039562
slice0,slice0_original_glszm_SmallAreaHighGrayLevelEmphasis,0.0003259807180737699
slice0,slice0_original_ngtdm_Contrast,0.00031484213907535764
slice0,slice0_original_glszm_SizeZoneNonUniformityNormalized,0.0002844405390794136
slice0,slice0_original_ngtdm_Busyness,0.00020789873417766217
slice0,slice0_original_glcm_SumEntropy,0.0002016640275724909
slice0,slice0_original_glcm_JointAverage,0.00019908483723803179
slice0,slice0_original_glrlm_HighGrayLevelRunEmphasis,0.00018784938291583692
slice0,slice0_original_firstorder_RootMeanSquared,0.0001839991239243647
slice0,slice0_original_glcm_MaximumProbability,0.00012237526231417248
slice0,slice0_original_shape2D_Perimeter,0.00010756262074336713
slice0,slice0_original_glrlm_GrayLevelVariance,0.00010475526101616091
slice0,slice0_original_glcm_JointEntropy,0.00010193742937707577
slice0,slice0_original_glszm_SmallAreaEmphasis,0.00010160800076486103
slice0,slice0_original_glszm_LowGrayLevelZoneEmphasis,0.00010011624527753563
slice0,slice0_original_gldm_DependenceEntropy,9.979725724419297e-05
slice0,slice0_original_glcm_Idm,9.703263225730845e-05
slice0,slice0_original_glcm_DifferenceVariance,9.508836600644032e-05
slice0,slice0_original_firstorder_TotalEnergy,8.864861635877601e-05
slice0,slice0_original_firstorder_MeanAbsoluteDeviation,0.0
slice0,slice0_original_firstorder_Minimum,0.0
slice0,slice0_original_glrlm_RunLengthNonUniformityNormalized,0.0
slice0,slice0_original_glrlm_ShortRunEmphasis,0.0
slice0,slice0_original_glszm_LargeAreaLowGrayLevelEmphasis,0.0
slice0,slice0_original_glszm_ZonePercentage,0.0
slice0,slice0_original_glcm_DifferenceAverage,0.0
slice0,slice0_original_glcm_Idmn,0.0
slice0,slice0_original_glcm_SumAverage,0.0
slice1,slice1_original_shape2D_MajorAxisLength,0.007732875710469385
slice1,slice1_original_shape2D_MinorAxisLength,0.00506637868922018
slice1,slice1_original_gldm_LargeDependenceLowGrayLevelEmphasis,0.004281746610445118
slice1,slice1_original_glrlm_GrayLevelNonUniformityNormalized,0.002344176019297943
slice1,slice1_original_glszm_GrayLevelNonUniformityNormalized,0.0021373527196630847
slice1,slice1_original_glszm_ZonePercentage,0.0020416049324750484
slice1,slice1_original_glrlm_LongRunHighGrayLevelEmphasis,0.0019968962901467015
slice1,slice1_original_glcm_Imc1,0.0018836167393574974
slice1,slice1_original_gldm_DependenceEntropy,0.0018595414993252419
slice1,slice1_original_gldm_LargeDependenceHighGrayLevelEmphasis,0.0016215553036581726
slice1,slice1_original_glrlm_LongRunLowGrayLevelEmphasis,0.0016153670884218162
slice1,slice1_original_ngtdm_Coarseness,0.0014996139808263087
slice1,slice1_original_glrlm_RunPercentage,0.001453125085661328
slice1,slice1_original_glrlm_RunLengthNonUniformity,0.0014479218978410424
slice1,slice1_original_shape2D_Perimeter,0.0014162875396980378
slice1,slice1_original_glcm_Id,0.0012627540979716497
slice1,slice1_original_glrlm_ShortRunEmphasis,0.0012611067334774274
slice1,slice1_original_shape2D_PixelSurface,0.001234734014272775
slice1,slice1_original_firstorder_MeanAbsoluteDeviation,0.0012042053638831062
slice1,slice1_original_glszm_SizeZoneNonUniformity,0.0011636644266456123
slice1,slice1_original_glcm_JointEntropy,0.0011277520790399804
slice1,slice1_original_gldm_HighGrayLevelEmphasis,0.001118535888805741
slice1,slice1_original_gldm_GrayLevelVariance,0.001084623137178861
slice1,slice1_original_glcm_InverseVariance,0.0010688147766146178
slice1,slice1_original_gldm_GrayLevelNonUniformity,0.0010470740409790195
slice1,slice1_original_glszm_SmallAreaLowGrayLevelEmphasis,0.0010175093669409327
slice1,slice1_original_glszm_GrayLevelVariance,0.0010015335696940087
slice1,slice1_original_glrlm_RunLengthNonUniformityNormalized,0.000948083319412423
slice1,slice1_original_firstorder_Mean,0.000940777587425832
slice1,slice1_original_glszm_LargeAreaLowGrayLevelEmphasis,0.0008691831249449772
slice1,slice1_original_ngtdm_Busyness,0.0008526712451801952
slice1,slice1_original_shape2D_Elongation,0.0008292401760667735
slice1,slice1_original_gldm_DependenceVariance,0.000796623172078095
slice1,slice1_original_firstorder_Range,0.0007721925680270459
slice1,slice1_original_glcm_DifferenceEntropy,0.0007719383092646071
slice1,slice1_original_glrlm_ShortRunLowGrayLevelEmphasis,0.0007666036923639406
slice1,slice1_original_glszm_HighGrayLevelZoneEmphasis,0.0007595849540767152
slice1,slice1_original_glszm_SmallAreaHighGrayLevelEmphasis,0.0007528093047609663
slice1,slice1_original_glcm_JointEnergy,0.0007097658320426565
slice1,slice1_original_glrlm_LongRunEmphasis,0.0006947882433739823
slice1,slice1_original_firstorder_Kurtosis,0.000657793053879212
slice1,slice1_original_glszm_GrayLevelNonUniformity,0.0006426559807911525
slice1,slice1_original_glcm_MaximumProbability,0.0006371301672162757
slice1,slice1_original_glszm_LowGrayLevelZoneEmphasis,0.0006127874791184206
slice1,slice1_original_glrlm_GrayLevelVariance,0.0005875245887457342
slice1,slice1_original_ngtdm_Contrast,0.0005825063785713356
slice1,slice1_original_gldm_LargeDependenceEmphasis,0.0005619056700234943
slice1,slice1_original_glcm_JointAverage,0.0005549852527926846
slice1,slice1_original_glcm_Idm,0.0005444718037927708
slice1,slice1_original_gldm_LowGrayLevelEmphasis,0.0005168941172217978
slice1,slice1_original_glcm_SumAverage,0.0004978319654217439
slice1,slice1_original_glrlm_GrayLevelNonUniformity,0.0004915149872558025
slice1,slice1_original_firstorder_InterquartileRange,0.0004857291019504857
slice1,slice1_original_glcm_SumEntropy,0.0004835631294460453
slice1,slice1_original_glszm_LargeAreaEmphasis,0.00044361321823513557
slice1,slice1_original_glcm_Contrast,0.0004308450831253946
slice1,slice1_original_gldm_SmallDependenceHighGrayLevelEmphasis,0.00042561393645982953
slice1,slice1_original_firstorder_RobustMeanAbsoluteDeviation,0.00040584844319346993
slice1,slice1_original_gldm_DependenceNonUniformity,0.00039456729951203395
slice1,slice1_original_glcm_ClusterProminence,0.0003694524152979156
slice1,slice1_original_firstorder_Energy,0.00035923911860836024
slice1,slice1_original_glcm_DifferenceVariance,0.0003570591259154905
slice1,slice1_original_firstorder_Median,0.0003459046871753833
slice1,slice1_original_glcm_Idmn,0.00031891814537590593
slice1,slice1_original_glcm_Correlation,0.00030570831744081877
slice1,slice1_original_glrlm_RunEntropy,0.00030543211459396465
slice1,slice1_original_firstorder_Entropy,0.00029671760885881937
slice1,slice1_original_firstorder_Maximum,0.000295583288935815
slice1,slice1_original_shape2D_Sphericity,0.0002842878441382093
slice1,slice1_original_glrlm_LowGrayLevelRunEmphasis,0.0002821663294552631
slice1,slice1_original_glrlm_RunVariance,0.00025794741183666906
slice1,slice1_original_firstorder_Skewness,0.0002553194705114789
slice1,slice1_original_glcm_Autocorrelation,0.00024656027839240884
slice1,slice1_original_glszm_SmallAreaEmphasis,0.00024203021667893045
slice1,slice1_original_glrlm_HighGrayLevelRunEmphasis,0.00024111308429149752
slice1,slice1_original_shape2D_PerimeterSurfaceRatio,0.0002203456437191098
slice1,slice1_original_shape2D_MaximumDiameter,0.0002153140247905331
slice1,slice1_original_ngtdm_Complexity,0.00020337236328553263
slice1,slice1_original_glszm_LargeAreaHighGrayLevelEmphasis,0.00020063813437813438
slice1,slice1_original_glcm_Idn,0.00019773212443027378
slice1,slice1_original_glcm_ClusterTendency,0.00015570274738940058
slice1,slice1_original_glcm_MCC,0.00013489256663179905
slice1,slice1_original_glcm_SumSquares,0.00012330625276535457
slice1,slice1_original_glszm_SizeZoneNonUniformityNormalized,0.0001180025445292621
slice1,slice1_original_glrlm_ShortRunHighGrayLevelEmphasis,0.00010717094177120401
slice1,slice1_original_firstorder_Uniformity,0.00010382835247859285
slice1,slice1_original_glcm_Imc2,9.907844360935722e-05
slice1,slice1_original_shape2D_MeshSurface,7.427722375825447e-05
slice1,slice1_original_glcm_ClusterShade,7.013404527428049e-05
slice1,slice1_original_firstorder_10Percentile,6.386994083035277e-05
slice1,slice1_original_firstorder_90Percentile,0.0
slice1,slice1_original_firstorder_Minimum,0.0
slice1,slice1_original_firstorder_RootMeanSquared,0.0
slice1,slice1_original_firstorder_TotalEnergy,0.0
slice1,slice1_original_firstorder_Variance,0.0
slice1,slice1_original_glszm_ZoneEntropy,0.0
slice1,slice1_original_glszm_ZoneVariance,0.0
slice1,slice1_original_gldm_DependenceNonUniformityNormalized,0.0
slice1,slice1_original_gldm_SmallDependenceEmphasis,0.0
slice1,slice1_original_gldm_SmallDependenceLowGrayLevelEmphasis,0.0
slice1,slice1_original_glcm_DifferenceAverage,0.0
slice1,slice1_original_ngtdm_Strength,0.0
slice2,slice2_original_shape2D_MaximumDiameter,0.006748196373141658
slice2,slice2_original_shape2D_MajorAxisLength,0.004783590836958039
slice2,slice2_original_gldm_DependenceNonUniformityNormalized,0.004331235750557877
slice2,slice2_original_glszm_SmallAreaLowGrayLevelEmphasis,0.004068484593161393
slice2,slice2_original_firstorder_InterquartileRange,0.0032519014396306173
slice2,slice2_original_glszm_LowGrayLevelZoneEmphasis,0.00243210550683434
slice2,slice2_original_glszm_SizeZoneNonUniformityNormalized,0.0023140230866124665
slice2,slice2_original_ngtdm_Complexity,0.0021948905250349024
slice2,slice2_original_glrlm_LowGrayLevelRunEmphasis,0.0018080539215506084
slice2,slice2_original_glszm_LargeAreaEmphasis,0.0017562152954356148
slice2,slice2_original_glszm_GrayLevelVariance,0.0017378791691820266
slice2,slice2_original_glcm_Idmn,0.001710066725814289
slice2,slice2_original_glszm_SmallAreaEmphasis,0.0015982981697623617
slice2,slice2_original_glcm_Idn,0.0015383803314972188
slice2,slice2_original_glrlm_GrayLevelNonUniformity,0.001444427964237432
slice2,slice2_original_gldm_LargeDependenceLowGrayLevelEmphasis,0.0014349335731064516
slice2,slice2_original_glszm_SizeZoneNonUniformity,0.0012861111472990288
slice2,slice2_original_firstorder_Uniformity,0.0012720137872776294
slice2,slice2_original_glcm_Imc2,0.0012666817344812729
slice2,slice2_original_glcm_Idm,0.001218366029143638
slice2,slice2_original_firstorder_TotalEnergy,0.001215163997975378
slice2,slice2_original_firstorder_Mean,0.0011879114598237822
slice2,slice2_original_firstorder_MeanAbsoluteDeviation,0.0011571649577443615
slice2,slice2_original_glcm_Autocorrelation,0.001150506440848798
slice2,slice2_original_firstorder_Range,0.0011367729802456807
slice2,slice2_original_gldm_DependenceNonUniformity,0.0011154449669940635
slice2,slice2_original_glrlm_HighGrayLevelRunEmphasis,0.0010873167611013472
slice2,slice2_original_glszm_GrayLevelNonUniformityNormalized,0.0010687415705367092
slice2,slice2_original_glrlm_RunVariance,0.0010680165647879993
slice2,slice2_original_ngtdm_Strength,0.0010569974509604628
slice2,slice2_original_glcm_ClusterProminence,0.001032678566479275
slice2,slice2_original_firstorder_RobustMeanAbsoluteDeviation,0.001004243824105153
slice2,slice2_original_firstorder_Kurtosis,0.0009987233341971064
slice2,slice2_original_glrlm_GrayLevelVariance,0.0009945085668516343
slice2,slice2_original_glszm_ZoneVariance,0.0009622854547199346
slice2,slice2_original_glcm_InverseVariance,0.0009614958744643135
slice2,slice2_original_gldm_HighGrayLevelEmphasis,0.0009334251543809982
slice2,slice2_original_glrlm_RunEntropy,0.0009316242397819836
slice2,slice2_original_glrlm_RunLengthNonUniformity,0.0009224242103010537
slice2,slice2_original_glcm_JointAverage,0.0008701436341726895
slice2,slice2_original_glrlm_LongRunHighGrayLevelEmphasis,0.0008240291356739949
slice2,slice2_original_glcm_Id,0.00081281785860987
slice2,slice2_original_glcm_JointEnergy,0.0007919467910998742
slice2,slice2_original_glszm_LargeAreaLowGrayLevelEmphasis,0.0007739354861803778
slice2,slice2_original_glrlm_ShortRunHighGrayLevelEmphasis,0.000773740201795815
slice2,slice2_original_gldm_GrayLevelNonUniformity,0.0007590276563694641
slice2,slice2_original_glcm_Contrast,0.0007469367348853863
slice2,slice2_original_firstorder_RootMeanSquared,0.0007356167712779258
slice2,slice2_original_glcm_ClusterShade,0.0007206505381620708
slice2,slice2_original_glcm_ClusterTendency,0.0007095672700799
slice2,slice2_original_ngtdm_Busyness,0.0007091122602485226
slice2,slice2_original_firstorder_90Percentile,0.0006995705233142591
slice2,slice2_original_firstorder_Energy,0.0006976779046404995
slice2,slice2_original_glszm_SmallAreaHighGrayLevelEmphasis,0.0006904628939771851
slice2,slice2_original_glszm_GrayLevelNonUniformity,0.0006657024472320753
slice2,slice2_original_glszm_HighGrayLevelZoneEmphasis,0.000653961434537299
slice2,slice2_original_glrlm_ShortRunLowGrayLevelEmphasis,0.000638781431615987
slice2,slice2_original_gldm_SmallDependenceHighGrayLevelEmphasis,0.0005818053187173331
slice2,slice2_original_glcm_DifferenceEntropy,0.0005574764721041753
slice2,slice2_original_gldm_SmallDependenceEmphasis,0.0005352948081058368
slice2,slice2_original_firstorder_10Percentile,0.0005005903281208897
slice2,slice2_original_glrlm_GrayLevelNonUniformityNormalized,0.0004646871707825935
slice2,slice2_original_firstorder_Maximum,0.0004516333247667895
slice2,slice2_original_glrlm_LongRunEmphasis,0.00044719204275564734
slice2,slice2_original_shape2D_PixelSurface,0.00042082908949379725
slice2,slice2_original_firstorder_Skewness,0.00041105279687905755
slice2,slice2_original_gldm_LargeDependenceHighGrayLevelEmphasis,0.0003698560281312962
slice2,slice2_original_glcm_MaximumProbability,0.00032878368187800683
slice2,slice2_original_glszm_LargeAreaHighGrayLevelEmphasis,0.0003270903736925481
slice2,slice2_original_firstorder_Entropy,0.0003250407551297808
slice2,slice2_original_gldm_DependenceVariance,0.00031038397921117554
slice2,slice2_original_gldm_SmallDependenceLowGrayLevelEmphasis,0.0003081118343022456
slice2,slice2_original_shape2D_Perimeter,0.00030388089407946755
slice2,slice2_original_glcm_MCC,0.0002984407829154488
slice2,slice2_original_glcm_SumEntropy,0.000275212085189674
slice2,slice2_original_glcm_Imc1,0.00023418551577959138
slice2,slice2_original_gldm_LargeDependenceEmphasis,0.00021499135777539805
slice2,slice2_original_glrlm_RunPercentage,0.00021476756480537086
slice2,slice2_original_glrlm_RunLengthNonUniformityNormalized,0.00021383561972914862
slice2,slice2_original_ngtdm_Coarseness,0.00021333824344767314
slice2,slice2_original_glcm_Correlation,0.00019497328015194868
slice2,slice2_original_shape2D_Sphericity,0.0001861757757533082
slice2,slice2_original_glszm_ZonePercentage,0.00017746475036390516
slice2,slice2_original_glcm_SumAverage,0.00017376306272766785
slice2,slice2_original_firstorder_Median,0.0001449099609003852
slice2,slice2_original_firstorder_Variance,9.832975856839256e-05
slice2,slice2_original_glcm_JointEntropy,9.825027289614652e-05
slice2,slice2_original_gldm_LowGrayLevelEmphasis,7.437813563484545e-05
slice2,slice2_original_shape2D_Elongation,5.1457860562774014e-05
slice2,slice2_original_glcm_DifferenceAverage,5.113491485554269e-05
slice2,slice2_original_shape2D_MinorAxisLength,3.9719765466651006e-05
slice2,slice2_original_glszm_ZoneEntropy,1.8453625938535993e-05
slice2,slice2_original_glrlm_LongRunLowGrayLevelEmphasis,9.449783189880025e-06
slice2,slice2_original_shape2D_MeshSurface,0.0
slice2,slice2_original_shape2D_PerimeterSurfaceRatio,0.0
slice2,slice2_original_firstorder_Minimum,0.0
slice2,slice2_original_glrlm_ShortRunEmphasis,0.0
slice2,slice2_original_gldm_DependenceEntropy,0.0
slice2,slice2_original_gldm_GrayLevelVariance,0.0
slice2,slice2_original_glcm_DifferenceVariance,0.0
slice2,slice2_original_glcm_SumSquares,0.0
slice2,slice2_original_ngtdm_Contrast,0.0
slice3,slice3_original_shape2D_MaximumDiameter,0.007888825346148667
slice3,slice3_original_glcm_Idmn,0.007364084526780565
slice3,slice3_original_glcm_Idn,0.0065489940958970375
slice3,slice3_original_glszm_ZoneEntropy,0.003629366302157747
slice3,slice3_original_glszm_SizeZoneNonUniformityNormalized,0.0033509246587579465
slice3,slice3_original_shape2D_MeshSurface,0.0032276782994384396
slice3,slice3_original_glrlm_RunPercentage,0.0023065581578232946
slice3,slice3_original_glszm_GrayLevelNonUniformityNormalized,0.001952497803740058
slice3,slice3_original_firstorder_RobustMeanAbsoluteDeviation,0.0018788325321137458
slice3,slice3_original_glrlm_ShortRunEmphasis,0.0018656539325184564
slice3,slice3_original_gldm_LargeDependenceEmphasis,0.001799938373142257
slice3,slice3_original_glszm_LargeAreaLowGrayLevelEmphasis,0.0017918472168973413
slice3,slice3_original_glrlm_RunVariance,0.001624250517138018
slice3,slice3_original_glszm_SizeZoneNonUniformity,0.0015313059879835964
slice3,slice3_original_glcm_DifferenceVariance,0.0015204337114994462
slice3,slice3_original_glrlm_LongRunEmphasis,0.0014461569321406545
slice3,slice3_original_glszm_LargeAreaEmphasis,0.001416004140560993
slice3,slice3_original_gldm_DependenceVariance,0.001268171038335945
slice3,slice3_original_ngtdm_Contrast,0.0012347361278029806
slice3,slice3_original_glszm_GrayLevelNonUniformity,0.0011696328612157204
slice3,slice3_original_shape2D_MinorAxisLength,0.001131249786537997
slice3,slice3_original_shape2D_MajorAxisLength,0.0010994128434277809
slice3,slice3_original_glrlm_LowGrayLevelRunEmphasis,0.0010387073644105608
slice3,slice3_original_firstorder_Median,0.001002766731429582
slice3,slice3_original_glszm_LargeAreaHighGrayLevelEmphasis,0.000990238649174693
slice3,slice3_original_ngtdm_Coarseness,0.000944235668301798
slice3,slice3_original_glcm_MaximumProbability,0.000911890205345006
slice3,slice3_original_firstorder_Entropy,0.0009113056469803455
slice3,slice3_original_ngtdm_Busyness,0.0009071960238883973
slice3,slice3_original_glcm_Correlation,0.0009026029541873301
slice3,slice3_original_glrlm_GrayLevelNonUniformityNormalized,0.000864458552504022
slice3,slice3_original_glcm_SumAverage,0.0008489394963956691
slice3,slice3_original_glcm_Idm,0.0008155288103454599
slice3,slice3_original_glrlm_LongRunHighGrayLevelEmphasis,0.0008090704373269131
slice3,slice3_original_shape2D_Perimeter,0.0007949305495146697
slice3,slice3_original_glszm_LowGrayLevelZoneEmphasis,0.00075100672499471
slice3,slice3_original_firstorder_Maximum,0.0007480500276638997
slice3,slice3_original_glcm_Id,0.0007280308065998442
slice3,slice3_original_shape2D_PerimeterSurfaceRatio,0.0007109014510854114
slice3,slice3_original_gldm_LargeDependenceLowGrayLevelEmphasis,0.0007003085611088133
slice3,slice3_original_glrlm_GrayLevelNonUniformity,0.000693859818554435
slice3,slice3_original_glszm_SmallAreaHighGrayLevelEmphasis,0.00069353891964189
slice3,slice3_original_glrlm_RunEntropy,0.0006677196107629772
slice3,slice3_original_ngtdm_Complexity,0.0006563771746406148
slice3,slice3_original_glcm_DifferenceEntropy,0.0006535933254808605
slice3,slice3_original_shape2D_Elongation,0.0006369878321498626
slice3,slice3_original_glcm_MCC,0.0006187474722018887
slice3,slice3_original_glrlm_ShortRunLowGrayLevelEmphasis,0.0006051439456011652
slice3,slice3_original_glcm_Autocorrelation,0.0005841680576122455
slice3,slice3_original_glcm_Imc2,0.0005706733295947434
slice3,slice3_original_gldm_SmallDependenceLowGrayLevelEmphasis,0.0005420295672171166
slice3,slice3_original_firstorder_90Percentile,0.0005404054674267553
slice3,slice3_original_firstorder_MeanAbsoluteDeviation,0.00048640560634995704
slice3,slice3_original_shape2D_PixelSurface,0.0004801805350955207
slice3,slice3_original_glcm_InverseVariance,0.00046242518143441754
slice3,slice3_original_glszm_ZoneVariance,0.0004593675112694515
slice3,slice3_original_firstorder_TotalEnergy,0.0004561916539396354
slice3,slice3_original_firstorder_Range,0.0004337794710580194
slice3,slice3_original_glcm_SumEntropy,0.0004167465847752744
slice3,slice3_original_gldm_LargeDependenceHighGrayLevelEmphasis,0.0004132719802498604
slice3,slice3_original_glrlm_RunLengthNonUniformity,0.00040875939276673284
slice3,slice3_original_gldm_DependenceNonUniformityNormalized,0.0004043853347496261
slice3,slice3_original_glszm_ZonePercentage,0.0003836839432317564
slice3,slice3_original_glrlm_HighGrayLevelRunEmphasis,0.00037810493537402177
slice3,slice3_original_gldm_DependenceNonUniformity,0.0003645398970676901
slice3,slice3_original_firstorder_10Percentile,0.0003626418674692142
slice3,slice3_original_shape2D_Sphericity,0.00034839938883576426
slice3,slice3_original_firstorder_Skewness,0.0003204939746213038
slice3,slice3_original_gldm_SmallDependenceHighGrayLevelEmphasis,0.00026478788074037906
slice3,slice3_original_glszm_SmallAreaEmphasis,0.0002391331788496147
slice3,slice3_original_firstorder_Kurtosis,0.00023033032441168358
slice3,slice3_original_gldm_LowGrayLevelEmphasis,0.0002231460857705912
slice3,slice3_original_glcm_ClusterProminence,0.00021561288156361847
slice3,slice3_original_glcm_Imc1,0.00020711944347163387
slice3,slice3_original_glcm_JointAverage,0.00019689185893371052
slice3,slice3_original_glcm_JointEnergy,0.00019393767766810645
slice3,slice3_original_glszm_HighGrayLevelZoneEmphasis,0.00017797267851990417
slice3,slice3_original_glcm_Contrast,0.00017421589152595427
slice3,slice3_original_ngtdm_Strength,0.00016916995568368512
slice3,slice3_original_firstorder_Uniformity,0.00015780679619161687
slice3,slice3_original_glrlm_LongRunLowGrayLevelEmphasis,0.000129380993897123
slice3,slice3_original_glcm_ClusterShade,0.000128432151504302
slice3,slice3_original_firstorder_Variance,0.00010983208051490825
slice3,slice3_original_glcm_JointEntropy,0.00010594452101644979
slice3,slice3_original_gldm_GrayLevelNonUniformity,0.00010270261719645983
slice3,slice3_original_gldm_HighGrayLevelEmphasis,0.00010210122728212455
slice3,slice3_original_glcm_SumSquares,9.799643898334935e-05
slice3,slice3_original_glcm_DifferenceAverage,7.904872057828402e-05
slice3,slice3_original_gldm_GrayLevelVariance,7.210884353741496e-05
slice3,slice3_original_glrlm_RunLengthNonUniformityNormalized,5.7952903502948425e-05
slice3,slice3_original_gldm_DependenceEntropy,5.5076297744543965e-05
slice3,slice3_original_glcm_ClusterTendency,5.5076297744543965e-05
slice3,slice3_original_glrlm_GrayLevelVariance,4.460765404018901e-05
slice3,slice3_original_glszm_GrayLevelVariance,2.5244290474058083e-05
slice3,slice3_original_glrlm_ShortRunHighGrayLevelEmphasis,1.222349506295507e-05
slice3,slice3_original_firstorder_Mean,3.6629313323789306e-06
slice3,slice3_original_firstorder_Energy,0.0
slice3,slice3_original_firstorder_InterquartileRange,0.0
slice3,slice3_original_firstorder_Minimum,0.0
slice3,slice3_original_firstorder_RootMeanSquared,0.0
slice3,slice3_original_glszm_SmallAreaLowGrayLevelEmphasis,0.0
slice3,slice3_original_gldm_SmallDependenceEmphasis,0.0
slice4,slice4_original_glszm_ZoneEntropy,0.004242800916022269
slice4,slice4_original_glrlm_RunEntropy,0.004090425788479916
slice4,slice4_original_shape2D_MinorAxisLength,0.00273222833962815
slice4,slice4_original_firstorder_Energy,0.002467680103574413
slice4,slice4_original_firstorder_InterquartileRange,0.0022661943654289853
slice4,slice4_original_glszm_GrayLevelNonUniformityNormalized,0.002157019435846273
slice4,slice4_original_glcm_Imc2,0.002150665646916732
slice4,slice4_original_glszm_SmallAreaLowGrayLevelEmphasis,0.0019934960113705403
slice4,slice4_original_gldm_GrayLevelVariance,0.0017463713614108073
slice4,slice4_original_shape2D_Elongation,0.0016786957493486452
slice4,slice4_original_ngtdm_Busyness,0.0014707681040725654
slice4,slice4_original_glcm_InverseVariance,0.0013274374910971496
slice4,slice4_original_ngtdm_Strength,0.0013040010518952454
slice4,slice4_original_glszm_GrayLevelVariance,0.0011364998916099417
slice4,slice4_original_ngtdm_Contrast,0.0011196185735528664
slice4,slice4_original_firstorder_Range,0.001108159357787424
slice4,slice4_original_firstorder_Skewness,0.001087431357831436
slice4,slice4_original_glcm_Correlation,0.001074465682816529
slice4,slice4_original_ngtdm_Complexity,0.0010094226534735858
slice4,slice4_original_ngtdm_Coarseness,0.0009201262368403159
slice4,slice4_original_glszm_LowGrayLevelZoneEmphasis,0.0009175381834459816
slice4,slice4_original_glszm_LargeAreaEmphasis,0.0008699765439667629
slice4,slice4_original_glcm_ClusterTendency,0.0008504647233352469
slice4,slice4_original_glcm_DifferenceEntropy,0.0008465955540377557
slice4,slice4_original_gldm_LargeDependenceLowGrayLevelEmphasis,0.0008334234871146322
slice4,slice4_original_glrlm_HighGrayLevelRunEmphasis,0.0008129036675433833
slice4,slice4_original_glcm_JointEnergy,0.0007966174181700217
slice4,slice4_original_glszm_ZoneVariance,0.0007923826348220301
slice4,slice4_original_glrlm_LongRunEmphasis,0.0007641906878600551
slice4,slice4_original_glrlm_RunLengthNonUniformityNormalized,0.0007409879530956257
slice4,slice4_original_glrlm_LongRunHighGrayLevelEmphasis,0.0007062619959091361
slice4,slice4_original_gldm_DependenceNonUniformityNormalized,0.0007053836781751959
slice4,slice4_original_gldm_SmallDependenceLowGrayLevelEmphasis,0.000701482026628853
slice4,slice4_original_firstorder_RobustMeanAbsoluteDeviation,0.0006662632508234611
slice4,slice4_original_gldm_DependenceNonUniformity,0.0006599896089656321
slice4,slice4_original_gldm_HighGrayLevelEmphasis,0.0006389290809958582
slice4,slice4_original_shape2D_MajorAxisLength,0.0006358704472133915
slice4,slice4_original_firstorder_Maximum,0.0006329909453691698
slice4,slice4_original_glcm_DifferenceAverage,0.0006314297860094667
slice4,slice4_original_glrlm_LongRunLowGrayLevelEmphasis,0.0006293753027298234
slice4,slice4_original_glcm_Id,0.0005967118267312179
slice4,slice4_original_shape2D_Sphericity,0.0005734623271896264
slice4,slice4_original_firstorder_10Percentile,0.0005643216936826793
slice4,slice4_original_glcm_Imc1,0.0005617837899076563
slice4,slice4_original_gldm_DependenceEntropy,0.0005564479740592919
slice4,slice4_original_gldm_LowGrayLevelEmphasis,0.0005472917283342294
slice4,slice4_original_glrlm_RunLengthNonUniformity,0.0005460309552570328
slice4,slice4_original_glcm_DifferenceVariance,0.0005323169849197322
slice4,slice4_original_glszm_SmallAreaEmphasis,0.0005322558397075061
slice4,slice4_original_gldm_DependenceVariance,0.0005203801369923173
slice4,slice4_original_firstorder_Uniformity,0.0005106721129298302
slice4,slice4_original_firstorder_MeanAbsoluteDeviation,0.0005073570803904074
slice4,slice4_original_firstorder_RootMeanSquared,0.0005008721600057739
slice4,slice4_original_glcm_SumAverage,0.0004861667461041337
slice4,slice4_original_shape2D_MeshSurface,0.0004786898328202353
slice4,slice4_original_glszm_SizeZoneNonUniformity,0.0004762153247533922
slice4,slice4_original_glcm_ClusterProminence,0.0004651650682522256
slice4,slice4_original_gldm_SmallDependenceHighGrayLevelEmphasis,0.00044917320656969557
slice4,slice4_original_glszm_HighGrayLevelZoneEmphasis,0.0004332823148053172
slice4,slice4_original_glcm_Idmn,0.0004241204401244002
slice4,slice4_original_firstorder_Median,0.0004204953587606919
slice4,slice4_original_shape2D_PixelSurface,0.0004056186019493477
slice4,slice4_original_glrlm_LowGrayLevelRunEmphasis,0.0004009763129801791
slice4,slice4_original_gldm_SmallDependenceEmphasis,0.0004001763902325129
slice4,slice4_original_glcm_JointEntropy,0.0003902829812356344
slice4,slice4_original_glcm_Contrast,0.000350015465665775
slice4,slice4_original_glrlm_ShortRunLowGrayLevelEmphasis,0.000325669339673399
slice4,slice4_original_firstorder_Variance,0.00031183932867524637
slice4,slice4_original_glcm_MaximumProbability,0.0003021516967507141
slice4,slice4_original_firstorder_Kurtosis,0.00029510016275401373
slice4,slice4_original_glcm_Autocorrelation,0.0002539469298567625
slice4,slice4_original_firstorder_90Percentile,0.0002537060323535746
slice4,slice4_original_shape2D_PerimeterSurfaceRatio,0.00024094701492094272
slice4,slice4_original_glrlm_ShortRunEmphasis,0.00023873172064198887
slice4,slice4_original_glcm_MCC,0.00022390487586465487
slice4,slice4_original_glszm_SizeZoneNonUniformityNormalized,0.0002227339016689342
slice4,slice4_original_glrlm_RunVariance,0.0002176680334835113
slice4,slice4_original_glrlm_GrayLevelNonUniformity,0.0002041147369313508
slice4,slice4_original_glrlm_GrayLevelNonUniformityNormalized,0.0002004832048559138
slice4,slice4_original_firstorder_Mean,0.00017744710532434322
slice4,slice4_original_gldm_LargeDependenceHighGrayLevelEmphasis,0.00016246277806971447
slice4,slice4_original_glszm_GrayLevelNonUniformity,0.00016151164121640054
slice4,slice4_original_glszm_LargeAreaLowGrayLevelEmphasis,0.00014797951058276282
slice4,slice4_original_glcm_Idn,0.00013818345480794987
slice4,slice4_original_firstorder_TotalEnergy,0.00011227708077670693
slice4,slice4_original_glcm_ClusterShade,8.763650142960485e-05
slice4,slice4_original_glcm_SumSquares,8.265997266947895e-05
slice4,slice4_original_shape2D_MaximumDiameter,8.262961639466618e-05
slice4,slice4_original_gldm_LargeDependenceEmphasis,7.279398419526838e-05
slice4,slice4_original_gldm_GrayLevelNonUniformity,7.277827637109074e-05
slice4,slice4_original_glszm_ZonePercentage,5.4232630209475376e-05
slice4,slice4_original_firstorder_Entropy,2.768463888087397e-05
slice4,slice4_original_glcm_JointAverage,2.613605542816274e-05
slice4,slice4_original_glszm_SmallAreaHighGrayLevelEmphasis,1.945425338694224e-05
slice4,slice4_original_glcm_Idm,1.5041158401393128e-05
slice4,slice4_original_shape2D_Perimeter,0.0
slice4,slice4_original_firstorder_Minimum,0.0
slice4,slice4_original_glrlm_GrayLevelVariance,0.0
slice4,slice4_original_glrlm_RunPercentage,0.0
slice4,slice4_original_glrlm_ShortRunHighGrayLevelEmphasis,0.0
slice4,slice4_original_glszm_LargeAreaHighGrayLevelEmphasis,0.0
slice4,slice4_original_glcm_SumEntropy,0.0
slice5,slice5_original_shape2D_MinorAxisLength,0.005653981642996352
slice5,slice5_original_shape2D_Elongation,0.0024755908801405747
slice5,slice5_original_shape2D_PixelSurface,0.0022775591995156984
slice5,slice5_original_shape2D_MajorAxisLength,0.0022039949632741197
slice5,slice5_original_glszm_ZoneEntropy,0.0017249867296337414
slice5,slice5_original_firstorder_TotalEnergy,0.0016673245133427756
slice5,slice5_original_gldm_DependenceVariance,0.001345046724484277
slice5,slice5_original_glrlm_ShortRunLowGrayLevelEmphasis,0.0012826187244683348
slice5,slice5_original_glrlm_HighGrayLevelRunEmphasis,0.0011864533067751037
slice5,slice5_original_glcm_ClusterProminence,0.001116971995897064
slice5,slice5_original_ngtdm_Coarseness,0.0011162192835350278
slice5,slice5_original_gldm_LargeDependenceLowGrayLevelEmphasis,0.0010333056862285926
slice5,slice5_original_glszm_ZoneVariance,0.0009908285940925946
slice5,slice5_original_gldm_DependenceNonUniformity,0.0009568611209460652
slice5,slice5_original_glrlm_LowGrayLevelRunEmphasis,0.0009414104752170473
slice5,slice5_original_glcm_Autocorrelation,0.0009331963269583168
slice5,slice5_original_glrlm_GrayLevelNonUniformity,0.0009287343001126645
slice5,slice5_original_shape2D_Perimeter,0.0008987951818210721
slice5,slice5_original_firstorder_MeanAbsoluteDeviation,0.0008697649663397458
slice5,slice5_original_glcm_Correlation,0.000861729433619844
slice5,slice5_original_gldm_SmallDependenceLowGrayLevelEmphasis,0.0008459840321828485
slice5,slice5_original_glrlm_RunVariance,0.0008437525044388828
slice5,slice5_original_firstorder_Variance,0.0007963796024048879
slice5,slice5_original_gldm_LargeDependenceEmphasis,0.0007931366992108152
slice5,slice5_original_gldm_DependenceEntropy,0.000781979256131105
slice5,slice5_original_glszm_LargeAreaEmphasis,0.000691572921883421
slice5,slice5_original_firstorder_Median,0.0006914988376106238
slice5,slice5_original_gldm_GrayLevelVariance,0.0006417725634327681
slice5,slice5_original_glcm_SumSquares,0.0006402042118639677
slice5,slice5_original_glcm_Idn,0.0006362014228811758
slice5,slice5_original_glszm_GrayLevelNonUniformity,0.0006349009906283741
slice5,slice5_original_glcm_DifferenceVariance,0.0006321923982129468
slice5,slice5_original_firstorder_Mean,0.0006160926042405298
slice5,slice5_original_firstorder_InterquartileRange,0.0005991468526995781
slice5,slice5_original_glcm_DifferenceEntropy,0.0005841063369086203
slice5,slice5_original_gldm_GrayLevelNonUniformity,0.0005798388630744518
slice5,slice5_original_glcm_JointEnergy,0.0005783917678111526
slice5,slice5_original_ngtdm_Strength,0.0005695753887256413
slice5,slice5_original_glrlm_RunEntropy,0.0005675712566260704
slice5,slice5_original_gldm_HighGrayLevelEmphasis,0.0005108233470606709
slice5,slice5_original_glszm_LowGrayLevelZoneEmphasis,0.0005062519350932142
slice5,slice5_original_glszm_ZonePercentage,0.0005037535144010563
slice5,slice5_original_glcm_Contrast,0.0004872069888133943
slice5,slice5_original_glcm_Id,0.00045318747468062887
slice5,slice5_original_glrlm_ShortRunHighGrayLevelEmphasis,0.00044903458698958553
slice5,slice5_original_glrlm_LongRunLowGrayLevelEmphasis,0.00044245581098582696
slice5,slice5_original_glszm_SmallAreaHighGrayLevelEmphasis,0.00040784679511469984
slice5,slice5_original_firstorder_Uniformity,0.00040016532071953775
slice5,slice5_original_glcm_Imc1,0.00039943363456626453
slice5,slice5_original_firstorder_Energy,0.0003925537068662855
slice5,slice5_original_glcm_Imc2,0.00038826850616517904
slice5,slice5_original_glcm_ClusterShade,0.0003761694191249937
slice5,slice5_original_firstorder_10Percentile,0.0003760260897471851
slice5,slice5_original_glcm_MaximumProbability,0.00036709744602101774
slice5,slice5_original_glszm_SizeZoneNonUniformity,0.0003579425787893832
slice5,slice5_original_glszm_SmallAreaEmphasis,0.00032800178289789475
slice5,slice5_original_firstorder_RootMeanSquared,0.0002963698037447293
slice5,slice5_original_glszm_GrayLevelVariance,0.0002922396010259894
slice5,slice5_original_firstorder_Maximum,0.0002902232874489819
slice5,slice5_original_glcm_Idmn,0.0002704275460020176
slice5,slice5_original_shape2D_Sphericity,0.0002692707639321608
slice5,slice5_original_glcm_InverseVariance,0.00023339733515134167
slice5,slice5_original_glszm_LargeAreaHighGrayLevelEmphasis,0.0001911039045659382
slice5,slice5_original_firstorder_Skewness,0.00018849852424083276
slice5,slice5_original_glrlm_RunPercentage,0.0001862180105571232
slice5,slice5_original_glcm_SumEntropy,0.00018137629571895474
slice5,slice5_original_glszm_HighGrayLevelZoneEmphasis,0.00016479662990316068
slice5,slice5_original_glrlm_GrayLevelVariance,0.00016267474909917448
slice5,slice5_original_gldm_LargeDependenceHighGrayLevelEmphasis,0.00015800332505749447
slice5,slice5_original_glrlm_RunLengthNonUniformity,0.0001454024259068536
slice5,slice5_original_glrlm_ShortRunEmphasis,0.00013161732823524774
slice5,slice5_original_glrlm_LongRunHighGrayLevelEmphasis,0.00013066191864446574
slice5,slice5_original_shape2D_PerimeterSurfaceRatio,0.00012429146162616363
slice5,slice5_original_gldm_SmallDependenceHighGrayLevelEmphasis,0.0001112489915762895
slice5,slice5_original_glcm_Idm,0.0001062504701915647
slice5,slice5_original_glrlm_GrayLevelNonUniformityNormalized,0.00010601140884685691
slice5,slice5_original_gldm_SmallDependenceEmphasis,0.0001035308420081517
slice5,slice5_original_shape2D_MeshSurface,0.00010159582115301674
slice5,slice5_original_glszm_GrayLevelNonUniformityNormalized,0.00010000490099980397
slice5,slice5_original_firstorder_Range,8.943935238070248e-05
slice5,slice5_original_firstorder_Kurtosis,8.720947315840505e-05
slice5,slice5_original_shape2D_MaximumDiameter,7.876439208581078e-05
slice5,slice5_original_glcm_JointAverage,4.692612195444995e-05
slice5,slice5_original_glszm_SmallAreaLowGrayLevelEmphasis,2.758788215289586e-05
slice5,slice5_original_firstorder_90Percentile,0.0
slice5,slice5_original_firstorder_Entropy,0.0
slice5,slice5_original_firstorder_Minimum,0.0
slice5,slice5_original_firstorder_RobustMeanAbsoluteDeviation,0.0
slice5,slice5_original_glrlm_LongRunEmphasis,0.0
slice5,slice5_original_glrlm_RunLengthNonUniformityNormalized,0.0
slice5,slice5_original_glszm_LargeAreaLowGrayLevelEmphasis,0.0
slice5,slice5_original_glszm_SizeZoneNonUniformityNormalized,0.0
slice5,slice5_original_gldm_DependenceNonUniformityNormalized,0.0
slice5,slice5_original_gldm_LowGrayLevelEmphasis,0.0
slice5,slice5_original_glcm_ClusterTendency,0.0
slice5,slice5_original_glcm_DifferenceAverage,0.0
slice5,slice5_original_glcm_JointEntropy,0.0
slice5,slice5_original_glcm_MCC,0.0
slice5,slice5_original_glcm_SumAverage,0.0
slice5,slice5_original_ngtdm_Busyness,0.0
slice5,slice5_original_ngtdm_Complexity,0.0
slice5,slice5_original_ngtdm_Contrast,0.0
slice6,slice6_original_shape2D_MaximumDiameter,0.005436965753495122
slice6,slice6_original_ngtdm_Strength,0.003385445615121869
slice6,slice6_original_shape2D_PixelSurface,0.0033161594386348523
slice6,slice6_original_firstorder_InterquartileRange,0.002737777125011022
slice6,slice6_original_firstorder_Energy,0.002527056685292628
slice6,slice6_original_glrlm_ShortRunLowGrayLevelEmphasis,0.0024589340990546437
slice6,slice6_original_ngtdm_Coarseness,0.0023777122319548756
slice6,slice6_original_shape2D_MeshSurface,0.002045775977486877
slice6,slice6_original_glszm_HighGrayLevelZoneEmphasis,0.0018765812005856223
slice6,slice6_original_glcm_Idn,0.0018731619529851772
slice6,slice6_original_ngtdm_Complexity,0.0017655263047553827
slice6,slice6_original_glcm_Correlation,0.0016646723301380138
slice6,slice6_original_gldm_DependenceNonUniformity,0.001632686654136582
slice6,slice6_original_glrlm_LowGrayLevelRunEmphasis,0.0016155848845320969
slice6,slice6_original_glrlm_RunEntropy,0.0015903485820902125
slice6,slice6_original_glszm_SmallAreaEmphasis,0.0014806457448824418
slice6,slice6_original_glszm_SizeZoneNonUniformity,0.0014766621327483448
slice6,slice6_original_shape2D_Perimeter,0.0014284137882670446
slice6,slice6_original_firstorder_Range,0.0013697783519422664
slice6,slice6_original_firstorder_Uniformity,0.0013229567988969138
slice6,slice6_original_firstorder_TotalEnergy,0.0012805639478549865
slice6,slice6_original_glszm_SmallAreaLowGrayLevelEmphasis,0.0012591521906395288
slice6,slice6_original_shape2D_MajorAxisLength,0.0012366594943952315
slice6,slice6_original_ngtdm_Contrast,0.0011776061498453185
slice6,slice6_original_glszm_ZoneEntropy,0.0010954124816669282
slice6,slice6_original_firstorder_10Percentile,0.001087787303822546
slice6,slice6_original_firstorder_Entropy,0.0010275090768776748
slice6,slice6_original_shape2D_Elongation,0.0009756985645743768
slice6,slice6_original_firstorder_Maximum,0.0009358917178627021
slice6,slice6_original_glcm_Imc2,0.0009194627373284714
slice6,slice6_original_shape2D_PerimeterSurfaceRatio,0.0009096070752474214
slice6,slice6_original_gldm_HighGrayLevelEmphasis,0.0009091008678867832
slice6,slice6_original_shape2D_MinorAxisLength,0.0008519483664914128
slice6,slice6_original_firstorder_Median,0.0008513467612625968
slice6,slice6_original_gldm_GrayLevelNonUniformity,0.000809339255115023
slice6,slice6_original_glcm_DifferenceVariance,0.0008031385708098217
slice6,slice6_original_firstorder_RobustMeanAbsoluteDeviation,0.0007921530427264561
slice6,slice6_original_glcm_SumSquares,0.0007802546992431559
slice6,slice6_original_glcm_MCC,0.0007703110735802162
slice6,slice6_original_glszm_LargeAreaEmphasis,0.0007619598689757608
slice6,slice6_original_gldm_LowGrayLevelEmphasis,0.0007556045822656929
slice6,slice6_original_glszm_LargeAreaHighGrayLevelEmphasis,0.0007374047300587402
slice6,slice6_original_glcm_Idmn,0.0007076453446643033
slice6,slice6_original_glcm_Autocorrelation,0.0006970793447597343
slice6,slice6_original_glszm_LowGrayLevelZoneEmphasis,0.0006726112271034418
slice6,slice6_original_firstorder_Kurtosis,0.0006395998654886586
slice6,slice6_original_firstorder_RootMeanSquared,0.0006386395167365665
slice6,slice6_original_glcm_MaximumProbability,0.0006059164523009398
slice6,slice6_original_glcm_ClusterShade,0.0006035424910416005
slice6,slice6_original_glrlm_LongRunLowGrayLevelEmphasis,0.000579263628796478
slice6,slice6_original_glcm_JointEnergy,0.0005583136217376018
slice6,slice6_original_gldm_DependenceNonUniformityNormalized,0.0005531455732233775
slice6,slice6_original_gldm_DependenceEntropy,0.000542573574811209
slice6,slice6_original_shape2D_Sphericity,0.0005324261651993283
slice6,slice6_original_glrlm_GrayLevelNonUniformity,0.0005322329328296061
slice6,slice6_original_glrlm_GrayLevelVariance,0.0004978278484728284
slice6,slice6_original_gldm_SmallDependenceLowGrayLevelEmphasis,0.00047422490740191015
slice6,slice6_original_glcm_Id,0.00046929729892529254
slice6,slice6_original_glrlm_LongRunHighGrayLevelEmphasis,0.0004580848333018803
slice6,slice6_original_firstorder_MeanAbsoluteDeviation,0.0004220270289245949
slice6,slice6_original_glcm_ClusterProminence,0.0004080202713613675
slice6,slice6_original_glszm_GrayLevelNonUniformityNormalized,0.000407147533728101
slice6,slice6_original_glrlm_RunLengthNonUniformity,0.00039123557326146795
slice6,slice6_original_glrlm_RunPercentage,0.0003879320718230439
slice6,slice6_original_glszm_GrayLevelNonUniformity,0.0003862317327227689
slice6,slice6_original_glszm_SmallAreaHighGrayLevelEmphasis,0.00038016639203903
slice6,slice6_original_firstorder_Variance,0.0003778947584197047
slice6,slice6_original_glrlm_HighGrayLevelRunEmphasis,0.00037654904880800105
slice6,slice6_original_glszm_ZonePercentage,0.00036911598321295587
slice6,slice6_original_glrlm_ShortRunHighGrayLevelEmphasis,0.000351498262154087
slice6,slice6_original_glcm_Imc1,0.00033132762778664387
slice6,slice6_original_glcm_DifferenceEntropy,0.0002921405717856698
slice6,slice6_original_firstorder_Mean,0.00027120842505844395
slice6,slice6_original_glcm_ClusterTendency,0.0002539350425187193
slice6,slice6_original_glcm_Contrast,0.00021994526070331105
slice6,slice6_original_glrlm_RunVariance,0.00020646415030554314
slice6,slice6_original_gldm_GrayLevelVariance,0.00020271641558036068
slice6,slice6_original_glcm_JointAverage,0.00019051449281175413
slice6,slice6_original_gldm_LargeDependenceLowGrayLevelEmphasis,0.00018354796736705142
slice6,slice6_original_gldm_SmallDependenceEmphasis,0.00015817393661602284
slice6,slice6_original_gldm_DependenceVariance,0.0001396944317325459
slice6,slice6_original_gldm_LargeDependenceEmphasis,0.00012586911806257073
slice6,slice6_original_glrlm_ShortRunEmphasis,0.00012436442065057976
slice6,slice6_original_glrlm_GrayLevelNonUniformityNormalized,0.00010624467523738491
slice6,slice6_original_glcm_SumEntropy,0.00010587329775142568
slice6,slice6_original_firstorder_Skewness,0.00010534416520398028
slice6,slice6_original_glcm_InverseVariance,0.0001047501285307568
slice6,slice6_original_glszm_GrayLevelVariance,0.0001036271366400339
slice6,slice6_original_firstorder_90Percentile,9.638352105295194e-05
slice6,slice6_original_glszm_ZoneVariance,7.275151729074134e-05
slice6,slice6_original_glcm_JointEntropy,6.908409265834098e-05
slice6,slice6_original_glszm_LargeAreaLowGrayLevelEmphasis,5.536827373052689e-05
slice6,slice6_original_glszm_SizeZoneNonUniformityNormalized,4.4663255967377755e-05
slice6,slice6_original_glcm_SumAverage,2.895948794005155e-05
slice6,slice6_original_firstorder_Minimum,0.0
slice6,slice6_original_glrlm_LongRunEmphasis,0.0
slice6,slice6_original_glrlm_RunLengthNonUniformityNormalized,0.0
slice6,slice6_original_gldm_LargeDependenceHighGrayLevelEmphasis,0.0
slice6,slice6_original_gldm_SmallDependenceHighGrayLevelEmphasis,0.0
slice6,slice6_original_glcm_DifferenceAverage,0.0
slice6,slice6_original_glcm_Idm,0.0
slice6,slice6_original_ngtdm_Busyness,0.0
slice7,slice7_original_gldm_DependenceNonUniformityNormalized,0.005896120502212965
slice7,slice7_original_glrlm_LongRunEmphasis,0.0037155702619964576
slice7,slice7_original_shape2D_MinorAxisLength,0.002269706992333342
slice7,slice7_original_glcm_JointEnergy,0.0021112219337897815
slice7,slice7_original_glcm_MaximumProbability,0.002011157308084441
slice7,slice7_original_firstorder_InterquartileRange,0.0016634307112888963
slice7,slice7_original_firstorder_90Percentile,0.0016053688233859998
slice7,slice7_original_glrlm_RunEntropy,0.0015865408474912811
slice7,slice7_original_shape2D_MaximumDiameter,0.0015344415449850225
slice7,slice7_original_glcm_Idmn,0.0015306750586508407
slice7,slice7_original_glcm_Autocorrelation,0.0014898842217638342
slice7,slice7_original_firstorder_Range,0.0014845379082897329
slice7,slice7_original_shape2D_MeshSurface,0.0014722037615068875
slice7,slice7_original_glszm_SmallAreaEmphasis,0.0013108998719990645
slice7,slice7_original_glcm_MCC,0.0011769046156583135
slice7,slice7_original_glszm_ZoneVariance,0.0011539819696061448
slice7,slice7_original_glcm_SumAverage,0.0011100742176161468
slice7,slice7_original_ngtdm_Contrast,0.0010814987341632573
slice7,slice7_original_firstorder_Skewness,0.0010244420139618705
slice7,slice7_original_shape2D_Sphericity,0.0009622201178289347
slice7,slice7_original_glrlm_HighGrayLevelRunEmphasis,0.000959220914179085
slice7,slice7_original_ngtdm_Coarseness,0.0009366433096043748
slice7,slice7_original_firstorder_Energy,0.0009242840209370037
slice7,slice7_original_gldm_DependenceEntropy,0.0008970782415028814
slice7,slice7_original_shape2D_Elongation,0.0008752125452459619
slice7,slice7_original_glrlm_RunLengthNonUniformity,0.0008445894449627149
slice7,slice7_original_glrlm_GrayLevelNonUniformityNormalized,0.0008407004943068497
slice7,slice7_original_firstorder_RobustMeanAbsoluteDeviation,0.0008377205159740033
slice7,slice7_original_glcm_DifferenceAverage,0.0008105406980691217
slice7,slice7_original_ngtdm_Strength,0.000794497671281264
slice7,slice7_original_glrlm_LongRunLowGrayLevelEmphasis,0.0007934213456286606
slice7,slice7_original_firstorder_Median,0.000789234582402267
slice7,slice7_original_glszm_LowGrayLevelZoneEmphasis,0.000770898618676122
slice7,slice7_original_glszm_SizeZoneNonUniformityNormalized,0.000768407446344663
slice7,slice7_original_firstorder_Kurtosis,0.0007631616052325588
slice7,slice7_original_glcm_ClusterProminence,0.0007418824744169748
slice7,slice7_original_gldm_GrayLevelNonUniformity,0.0007103732712486011
slice7,slice7_original_glrlm_RunVariance,0.0007044622584428329
slice7,slice7_original_shape2D_MajorAxisLength,0.0007028472841460682
slice7,slice7_original_gldm_SmallDependenceHighGrayLevelEmphasis,0.00065676110645759
slice7,slice7_original_firstorder_Uniformity,0.000653364229554275
slice7,slice7_original_glcm_InverseVariance,0.0005896416158571568
slice7,slice7_original_glrlm_RunLengthNonUniformityNormalized,0.0005877583700126172
slice7,slice7_original_firstorder_Mean,0.0005664711836839086
slice7,slice7_original_glszm_SizeZoneNonUniformity,0.0005604559935323981
slice7,slice7_original_glszm_LargeAreaLowGrayLevelEmphasis,0.0005572586256595224
slice7,slice7_original_glcm_Correlation,0.0005463268595553022
slice7,slice7_original_glcm_Imc2,0.0005417827897161299
slice7,slice7_original_firstorder_Maximum,0.0005272954588711986
slice7,slice7_original_glszm_GrayLevelNonUniformity,0.0004749207560512659
slice7,slice7_original_glcm_SumSquares,0.0004627072728703356
slice7,slice7_original_glrlm_GrayLevelVariance,0.00045565079129089895
slice7,slice7_original_glcm_JointAverage,0.00043996936287211855
slice7,slice7_original_glrlm_RunPercentage,0.0004392708709402029
slice7,slice7_original_shape2D_PerimeterSurfaceRatio,0.00042875501446560315
slice7,slice7_original_firstorder_TotalEnergy,0.0004164546500142767
slice7,slice7_original_glszm_GrayLevelVariance,0.0004095852078289451
slice7,slice7_original_glszm_LargeAreaEmphasis,0.00040163815312529104
slice7,slice7_original_gldm_DependenceNonUniformity,0.0003983950247223578
slice7,slice7_original_glcm_JointEntropy,0.00039801690042780546
slice7,slice7_original_ngtdm_Busyness,0.00038718633053718814
slice7,slice7_original_glszm_GrayLevelNonUniformityNormalized,0.0003865328297497074
slice7,slice7_original_glszm_ZonePercentage,0.0003839976405422574
slice7,slice7_original_glrlm_LongRunHighGrayLevelEmphasis,0.000368844281497986
slice7,slice7_original_gldm_LowGrayLevelEmphasis,0.000368461051523417
slice7,slice7_original_firstorder_Entropy,0.0003676263237800679
slice7,slice7_original_glcm_DifferenceVariance,0.00036736010910566857
slice7,slice7_original_glszm_HighGrayLevelZoneEmphasis,0.00036581915756637133
slice7,slice7_original_ngtdm_Complexity,0.0003632665406875743
slice7,slice7_original_glrlm_ShortRunEmphasis,0.0003549013387053923
slice7,slice7_original_shape2D_PixelSurface,0.0003505540089103002
slice7,slice7_original_shape2D_Perimeter,0.00031363343403418144
slice7,slice7_original_glcm_Id,0.0002996852586221574
slice7,slice7_original_gldm_SmallDependenceEmphasis,0.00028076994369301544
slice7,slice7_original_gldm_LargeDependenceHighGrayLevelEmphasis,0.00027335399259427814
slice7,slice7_original_glcm_Idn,0.00026870847643449173
slice7,slice7_original_gldm_GrayLevelVariance,0.0002679855168668785
slice7,slice7_original_gldm_DependenceVariance,0.00026479681720788624
slice7,slice7_original_glrlm_ShortRunLowGrayLevelEmphasis,0.00021081248554585
slice7,slice7_original_glcm_Idm,0.00020955375336037903
slice7,slice7_original_glszm_LargeAreaHighGrayLevelEmphasis,0.00019238615252054327
slice7,slice7_original_firstorder_RootMeanSquared,0.0001814381926927501
slice7,slice7_original_firstorder_MeanAbsoluteDeviation,0.00018092871779458748
slice7,slice7_original_firstorder_Variance,0.00017202702675967726
slice7,slice7_original_glcm_ClusterTendency,0.0001603939216913355
slice7,slice7_original_glcm_ClusterShade,0.0001585248182004624
slice7,slice7_original_glrlm_LowGrayLevelRunEmphasis,0.00014546167418153302
slice7,slice7_original_glcm_Contrast,0.00010795462911609225
slice7,slice7_original_gldm_HighGrayLevelEmphasis,9.695942414241129e-05
slice7,slice7_original_glrlm_ShortRunHighGrayLevelEmphasis,8.087722357865364e-05
slice7,slice7_original_glcm_Imc1,5.391814905243577e-05
slice7,slice7_original_glszm_SmallAreaHighGrayLevelEmphasis,3.053528100689063e-05
slice7,slice7_original_glszm_ZoneEntropy,2.983583912139674e-05
slice7,slice7_original_glrlm_GrayLevelNonUniformity,2.1903729196443262e-05
slice7,slice7_original_firstorder_10Percentile,0.0
slice7,slice7_original_firstorder_Minimum,0.0
slice7,slice7_original_glszm_SmallAreaLowGrayLevelEmphasis,0.0
slice7,slice7_original_gldm_LargeDependenceEmphasis,0.0
slice7,slice7_original_gldm_LargeDependenceLowGrayLevelEmphasis,0.0
slice7,slice7_original_gldm_SmallDependenceLowGrayLevelEmphasis,0.0
slice7,slice7_original_glcm_DifferenceEntropy,0.0
slice7,slice7_original_glcm_SumEntropy,0.0
slice8,slice8_original_shape2D_MaximumDiameter,0.004001161990020352
slice8,slice8_original_glszm_SmallAreaEmphasis,0.0036295429173737854
slice8,slice8_original_shape2D_MinorAxisLength,0.0026393826770661926
slice8,slice8_original_gldm_DependenceVariance,0.002295067952625391
slice8,slice8_original_glrlm_RunVariance,0.0022275320308756882
slice8,slice8_original_shape2D_MajorAxisLength,0.0020748378500604204
slice8,slice8_original_gldm_DependenceNonUniformityNormalized,0.001811221538984687
slice8,slice8_original_glrlm_GrayLevelNonUniformityNormalized,0.001588312559847098
slice8,slice8_original_glcm_Correlation,0.001489294060020292
slice8,slice8_original_glszm_SizeZoneNonUniformityNormalized,0.0014636717769342944
slice8,slice8_original_glcm_MCC,0.0013867836355431502
slice8,slice8_original_gldm_LowGrayLevelEmphasis,0.0013772327338268733
slice8,slice8_original_glcm_Imc1,0.0013542239136501721
slice8,slice8_original_gldm_GrayLevelNonUniformity,0.0013011916836833581
slice8,slice8_original_firstorder_Range,0.0012840461585295478
slice8,slice8_original_firstorder_MeanAbsoluteDeviation,0.0011142814501819522
slice8,slice8_original_shape2D_PixelSurface,0.0010770335763104952
slice8,slice8_original_firstorder_RobustMeanAbsoluteDeviation,0.0010238377550990496
slice8,slice8_original_shape2D_Perimeter,0.0010227322285596872
slice8,slice8_original_glcm_InverseVariance,0.0009997949121858562
slice8,slice8_original_ngtdm_Coarseness,0.000978020466395222
slice8,slice8_original_glcm_MaximumProbability,0.0009679403856363218
slice8,slice8_original_gldm_DependenceEntropy,0.0009633073505139219
slice8,slice8_original_glcm_Contrast,0.0009135077442109539
slice8,slice8_original_gldm_SmallDependenceHighGrayLevelEmphasis,0.0008773812282284466
slice8,slice8_original_glszm_ZoneEntropy,0.0008490889340489118
slice8,slice8_original_glszm_GrayLevelNonUniformityNormalized,0.000845248827837842
slice8,slice8_original_gldm_LargeDependenceLowGrayLevelEmphasis,0.000812256643799442
slice8,slice8_original_glcm_Idn,0.0008031349211703969
slice8,slice8_original_gldm_GrayLevelVariance,0.0007795722061393759
slice8,slice8_original_firstorder_Maximum,0.0007760527835234908
slice8,slice8_original_glcm_ClusterTendency,0.0007661574948858385
slice8,slice8_original_firstorder_Mean,0.0007230117866349156
slice8,slice8_original_glszm_HighGrayLevelZoneEmphasis,0.0006938694177593457
slice8,slice8_original_glcm_DifferenceEntropy,0.0006760536765570812
slice8,slice8_original_shape2D_Elongation,0.0006568083565331207
slice8,slice8_original_glcm_Idmn,0.0006544977226674992
slice8,slice8_original_glcm_Id,0.0006276346654344415
slice8,slice8_original_glszm_GrayLevelNonUniformity,0.0006125516519750911
slice8,slice8_original_gldm_LargeDependenceEmphasis,0.0006046527546733275
slice8,slice8_original_glcm_ClusterShade,0.0006026752656125451
slice8,slice8_original_glcm_Idm,0.000596808192630262
slice8,slice8_original_gldm_HighGrayLevelEmphasis,0.0005630621904899708
slice8,slice8_original_glrlm_RunLengthNonUniformity,0.0005339257186130322
slice8,slice8_original_glszm_SmallAreaHighGrayLevelEmphasis,0.0005234858276195651
slice8,slice8_original_firstorder_Median,0.0004991593370294821
slice8,slice8_original_glrlm_GrayLevelVariance,0.0004459393826192636
slice8,slice8_original_firstorder_Uniformity,0.0004354514289425886
slice8,slice8_original_glrlm_LongRunEmphasis,0.00042531366706736497
slice8,slice8_original_glszm_SmallAreaLowGrayLevelEmphasis,0.00040171447799053426
slice8,slice8_original_shape2D_MeshSurface,0.00036423166228926625
slice8,slice8_original_firstorder_Variance,0.0003518780280363874
slice8,slice8_original_gldm_DependenceNonUniformity,0.0003494388946974876
slice8,slice8_original_firstorder_TotalEnergy,0.0003467963411680344
slice8,slice8_original_glrlm_ShortRunHighGrayLevelEmphasis,0.0003422708361353227
slice8,slice8_original_glrlm_ShortRunEmphasis,0.00033805860376719896
slice8,slice8_original_glrlm_LongRunHighGrayLevelEmphasis,0.0003349518961138451
slice8,slice8_original_glrlm_LowGrayLevelRunEmphasis,0.00033323418228063505
slice8,slice8_original_firstorder_10Percentile,0.0003144352075692614
slice8,slice8_original_firstorder_Skewness,0.0003080014781533777
slice8,slice8_original_glrlm_GrayLevelNonUniformity,0.00030257454931877434
slice8,slice8_original_glcm_DifferenceVariance,0.0002939467971863991
slice8,slice8_original_shape2D_PerimeterSurfaceRatio,0.0002880342474194931
slice8,slice8_original_glrlm_LongRunLowGrayLevelEmphasis,0.00028785979011851105
slice8,slice8_original_ngtdm_Strength,0.0002808119921915514
slice8,slice8_original_firstorder_InterquartileRange,0.00027876223404261694
slice8,slice8_original_glrlm_HighGrayLevelRunEmphasis,0.0002736270025287926
slice8,slice8_original_firstorder_90Percentile,0.0002715570435989202
slice8,slice8_original_firstorder_Kurtosis,0.0002434910446487757
slice8,slice8_original_glcm_Imc2,0.00024100310856131269
slice8,slice8_original_shape2D_Sphericity,0.00024055276116468128
slice8,slice8_original_glcm_DifferenceAverage,0.0002372490594009741
slice8,slice8_original_glszm_LargeAreaHighGrayLevelEmphasis,0.0002270047314765132
slice8,slice8_original_glrlm_RunLengthNonUniformityNormalized,0.0002147325391250928
slice8,slice8_original_glszm_ZonePercentage,0.00020967065771064947
slice8,slice8_original_glrlm_RunEntropy,0.00018584860693239742
slice8,slice8_original_glcm_SumEntropy,0.00018516213159343914
slice8,slice8_original_glrlm_ShortRunLowGrayLevelEmphasis,0.00015602239785237238
slice8,slice8_original_glszm_LowGrayLevelZoneEmphasis,0.00014612430989381953
slice8,slice8_original_glszm_SizeZoneNonUniformity,0.0001400109856072799
slice8,slice8_original_ngtdm_Complexity,0.00011292912404341133
slice8,slice8_original_gldm_SmallDependenceLowGrayLevelEmphasis,0.00010815314018527111
slice8,slice8_original_glszm_LargeAreaLowGrayLevelEmphasis,0.00010696385509821534
slice8,slice8_original_glszm_LargeAreaEmphasis,0.0001069598283154606
slice8,slice8_original_glrlm_RunPercentage,0.00010489303360903308
slice8,slice8_original_glcm_SumAverage,9.789544368088482e-05
slice8,slice8_original_ngtdm_Contrast,2.0927628536889136e-05
slice8,slice8_original_glcm_JointEntropy,2.045954776192252e-05
slice8,slice8_original_firstorder_Energy,0.0
slice8,slice8_original_firstorder_Entropy,0.0
slice8,slice8_original_firstorder_Minimum,0.0
slice8,slice8_original_firstorder_RootMeanSquared,0.0
slice8,slice8_original_glszm_GrayLevelVariance,0.0
slice8,slice8_original_glszm_ZoneVariance,0.0
slice8,slice8_original_gldm_LargeDependenceHighGrayLevelEmphasis,0.0
slice8,slice8_original_gldm_SmallDependenceEmphasis,0.0
slice8,slice8_original_glcm_Autocorrelation,0.0
slice8,slice8_original_glcm_ClusterProminence,0.0
slice8,slice8_original_glcm_JointAverage,0.0
slice8,slice8_original_glcm_JointEnergy,0.0
slice8,slice8_original_glcm_SumSquares,0.0
slice8,slice8_original_ngtdm_Busyness,0.0
slice9,slice9_original_glcm_DifferenceVariance,0.0030980444327292026
slice9,slice9_original_glszm_ZoneEntropy,0.0030126563506810435
slice9,slice9_original_glrlm_LongRunEmphasis,0.0027018206976798754
slice9,slice9_original_glcm_InverseVariance,0.0026566646170989926
slice9,slice9_original_gldm_SmallDependenceLowGrayLevelEmphasis,0.002525845149344402
slice9,slice9_original_glszm_SmallAreaLowGrayLevelEmphasis,0.0024253530866908137
slice9,slice9_original_glrlm_ShortRunLowGrayLevelEmphasis,0.002381350947413334
slice9,slice9_original_shape2D_MajorAxisLength,0.0023770598903400967
slice9,slice9_original_gldm_DependenceNonUniformity,0.0023272514441055104
slice9,slice9_original_glcm_Idmn,0.0022795575090424304
slice9,slice9_original_gldm_DependenceVariance,0.00219827451000163
slice9,slice9_original_shape2D_MinorAxisLength,0.0021361226756116234
slice9,slice9_original_firstorder_Uniformity,0.0019884583800561964
slice9,slice9_original_shape2D_Perimeter,0.0019655489477792003
slice9,slice9_original_glcm_Correlation,0.0019357425043401127
slice9,slice9_original_firstorder_RobustMeanAbsoluteDeviation,0.001824494746727393
slice9,slice9_original_firstorder_Skewness,0.0017405111241889648
slice9,slice9_original_shape2D_MeshSurface,0.0017270153712840408
slice9,slice9_original_glszm_GrayLevelVariance,0.0017196916843505818
slice9,slice9_original_glszm_GrayLevelNonUniformity,0.001708453020313138
slice9,slice9_original_glrlm_GrayLevelVariance,0.00167896741525505
slice9,slice9_original_glszm_SmallAreaHighGrayLevelEmphasis,0.0016129160632471415
slice9,slice9_original_glcm_ClusterShade,0.0015372410511301832
slice9,slice9_original_glcm_Imc1,0.0015235688665449529
slice9,slice9_original_ngtdm_Coarseness,0.0014541209323276
slice9,slice9_original_glszm_SizeZoneNonUniformity,0.0014118609379701814
slice9,slice9_original_glrlm_GrayLevelNonUniformity,0.001353558301558095
slice9,slice9_original_firstorder_Entropy,0.001347398377824088
slice9,slice9_original_glcm_Imc2,0.0013425219638746727
slice9,slice9_original_glrlm_LongRunLowGrayLevelEmphasis,0.00128752076730083
slice9,slice9_original_glszm_SizeZoneNonUniformityNormalized,0.0012688050192033087
slice9,slice9_original_glrlm_RunLengthNonUniformity,0.0012354758457064636
slice9,slice9_original_gldm_GrayLevelNonUniformity,0.0011819155739154295
slice9,slice9_original_firstorder_Range,0.0011279855293369317
slice9,slice9_original_firstorder_RootMeanSquared,0.0010978437722899176
slice9,slice9_original_firstorder_MeanAbsoluteDeviation,0.0010955747866910948
slice9,slice9_original_glrlm_LowGrayLevelRunEmphasis,0.0010836734392353684
slice9,slice9_original_glcm_MaximumProbability,0.0010371380658928168
slice9,slice9_original_gldm_GrayLevelVariance,0.0009985742864294374
slice9,slice9_original_glcm_DifferenceEntropy,0.0009884034269488583
slice9,slice9_original_firstorder_Maximum,0.0009865786068126395
slice9,slice9_original_ngtdm_Busyness,0.0009648705342030023
slice9,slice9_original_glszm_LargeAreaLowGrayLevelEmphasis,0.0009590469715463159
slice9,slice9_original_glcm_JointEnergy,0.0009558016577042658
slice9,slice9_original_gldm_SmallDependenceHighGrayLevelEmphasis,0.0009341173548366267
slice9,slice9_original_shape2D_Sphericity,0.0009098172398458438
slice9,slice9_original_gldm_DependenceEntropy,0.0008935761453377195
slice9,slice9_original_gldm_LowGrayLevelEmphasis,0.0008704982650232124
slice9,slice9_original_glszm_LargeAreaEmphasis,0.0008575120296337535
slice9,slice9_original_glszm_HighGrayLevelZoneEmphasis,0.0008573394432423075
slice9,slice9_original_glcm_SumEntropy,0.0008185480063803309
slice9,slice9_original_ngtdm_Contrast,0.0008108795446941249
slice9,slice9_original_glrlm_LongRunHighGrayLevelEmphasis,0.0007718202496728348
slice9,slice9_original_glszm_ZonePercentage,0.0007368011030185782
slice9,slice9_original_shape2D_PixelSurface,0.0007253503189496142
slice9,slice9_original_shape2D_Elongation,0.000718590773782974
slice9,slice9_original_glcm_Idn,0.0007182010068025441
slice9,slice9_original_glcm_ClusterProminence,0.0006912992960724949
slice9,slice9_original_firstorder_90Percentile,0.00068536453439935
slice9,slice9_original_glrlm_GrayLevelNonUniformityNormalized,0.0006723498168117678
slice9,slice9_original_glcm_JointEntropy,0.0006668284737506524
slice9,slice9_original_glszm_SmallAreaEmphasis,0.0006358193360504338
slice9,slice9_original_gldm_HighGrayLevelEmphasis,0.0006282543579478867
slice9,slice9_original_glcm_ClusterTendency,0.0006214767123631164
slice9,slice9_original_gldm_LargeDependenceLowGrayLevelEmphasis,0.0006064699483306662
slice9,slice9_original_firstorder_Mean,0.0006016929842846308
slice9,slice9_original_glszm_LargeAreaHighGrayLevelEmphasis,0.0005953383966467894
slice9,slice9_original_glcm_Autocorrelation,0.0005659587382472515
slice9,slice9_original_glcm_SumAverage,0.0005611277602050131
slice9,slice9_original_glrlm_ShortRunEmphasis,0.0005401685492910217
slice9,slice9_original_glrlm_ShortRunHighGrayLevelEmphasis,0.0005282100242881566
slice9,slice9_original_firstorder_10Percentile,0.0005218266972694673
slice9,slice9_original_glrlm_RunEntropy,0.0005135327616424825
slice9,slice9_original_glrlm_RunVariance,0.0005069530746570929
slice9,slice9_original_gldm_LargeDependenceEmphasis,0.0004954467894170483
slice9,slice9_original_firstorder_Median,0.00046018545314381056
slice9,slice9_original_glcm_DifferenceAverage,0.0004190827622561939
slice9,slice9_original_firstorder_TotalEnergy,0.0004038585821138538
slice9,slice9_original_shape2D_PerimeterSurfaceRatio,0.0003936725553148337
slice9,slice9_original_glszm_ZoneVariance,0.0003864818311226876
slice9,slice9_original_glcm_Contrast,0.0003373830456622454
slice9,slice9_original_glrlm_HighGrayLevelRunEmphasis,0.0003230386325063803
slice9,slice9_original_ngtdm_Complexity,0.0003096871014013328
slice9,slice9_original_firstorder_Energy,0.0002745286774085225
slice9,slice9_original_glszm_GrayLevelNonUniformityNormalized,0.00025405734203481987
slice9,slice9_original_firstorder_Kurtosis,0.00021701928196916483
slice9,slice9_original_glcm_SumSquares,0.0001962559144209011
slice9,slice9_original_glrlm_RunLengthNonUniformityNormalized,0.00018551613844538218
slice9,slice9_original_glcm_MCC,0.00018226541498655868
slice9,slice9_original_glcm_Idm,0.00018186408233393877
slice9,slice9_original_firstorder_Variance,0.00016625501739844385
slice9,slice9_original_gldm_SmallDependenceEmphasis,0.0001633610450512
slice9,slice9_original_shape2D_MaximumDiameter,0.0001486138413622301
slice9,slice9_original_glrlm_RunPercentage,8.276364645868759e-05
slice9,slice9_original_firstorder_InterquartileRange,5.463940010149047e-05
slice9,slice9_original_gldm_DependenceNonUniformityNormalized,4.400238804625466e-05
slice9,slice9_original_glcm_JointAverage,1.4624147581694179e-05
slice9,slice9_original_firstorder_Minimum,0.0
slice9,slice9_original_glszm_LowGrayLevelZoneEmphasis,0.0
slice9,slice9_original_gldm_LargeDependenceHighGrayLevelEmphasis,0.0
slice9,slice9_original_glcm_Id,0.0
slice9,slice9_original_ngtdm_Strength,0.0
slice10,slice10_original_shape2D_MinorAxisLength,0.005709352117765071
slice10,slice10_original_shape2D_MeshSurface,0.003437223885931069
slice10,slice10_original_glcm_Imc1,0.0031295401968994786
slice10,slice10_original_shape2D_MaximumDiameter,0.002394702970912877
slice10,slice10_original_glszm_SizeZoneNonUniformityNormalized,0.002370592882495422
slice10,slice10_original_glszm_SmallAreaEmphasis,0.002004700438807387
slice10,slice10_original_ngtdm_Coarseness,0.0018227215714123036
slice10,slice10_original_glcm_Idmn,0.0018080429430048042
slice10,slice10_original_glcm_ClusterShade,0.001725342239843915
slice10,slice10_original_shape2D_Elongation,0.001468347894636474
slice10,slice10_original_firstorder_TotalEnergy,0.0014570999305233737
slice10,slice10_original_glcm_MCC,0.0013594448477878872
slice10,slice10_original_glszm_GrayLevelNonUniformity,0.0013356065563794347
slice10,slice10_original_glcm_InverseVariance,0.0012274996762386325
slice10,slice10_original_firstorder_MeanAbsoluteDeviation,0.001201279182430463
slice10,slice10_original_shape2D_PixelSurface,0.0011776633357262769
slice10,slice10_original_shape2D_Perimeter,0.0011579663052316913
slice10,slice10_original_glszm_SmallAreaHighGrayLevelEmphasis,0.0011379831461174683
slice10,slice10_original_glszm_SizeZoneNonUniformity,0.0011044699791962302
slice10,slice10_original_gldm_DependenceEntropy,0.0010993415848071062
slice10,slice10_original_glrlm_HighGrayLevelRunEmphasis,0.0010819035759037348
slice10,slice10_original_ngtdm_Contrast,0.0010612750395192759
slice10,slice10_original_glrlm_GrayLevelNonUniformityNormalized,0.0009824153117419829
slice10,slice10_original_glszm_LargeAreaHighGrayLevelEmphasis,0.0009548538994074237
slice10,slice10_original_firstorder_Entropy,0.0009213282456377851
slice10,slice10_original_gldm_DependenceNonUniformity,0.0008684584299097542
slice10,slice10_original_firstorder_90Percentile,0.0008605119920389875
slice10,slice10_original_glcm_JointAverage,0.000848621582396204
slice10,slice10_original_gldm_SmallDependenceLowGrayLevelEmphasis,0.0008311190436118208
slice10,slice10_original_glcm_SumSquares,0.0008079248957233203
slice10,slice10_original_gldm_LargeDependenceEmphasis,0.0008054057399060214
slice10,slice10_original_firstorder_Uniformity,0.0007556840777202053
slice10,slice10_original_glrlm_GrayLevelNonUniformity,0.0007496960562749326
slice10,slice10_original_gldm_HighGrayLevelEmphasis,0.0007047013192603643
slice10,slice10_original_firstorder_Kurtosis,0.0007023327041421105
slice10,slice10_original_glszm_SmallAreaLowGrayLevelEmphasis,0.0006977280640077852
slice10,slice10_original_shape2D_MajorAxisLength,0.000683062469125707
slice10,slice10_original_glrlm_RunVariance,0.0006781820178617248
slice10,slice10_original_firstorder_InterquartileRange,0.0006247284661307853
slice10,slice10_original_glrlm_LongRunLowGrayLevelEmphasis,0.0005952177201421095
slice10,slice10_original_glcm_DifferenceVariance,0.0005878317800086374
slice10,slice10_original_shape2D_PerimeterSurfaceRatio,0.0005846061955685399
slice10,slice10_original_glrlm_RunEntropy,0.0005839303423326013
slice10,slice10_original_glcm_DifferenceEntropy,0.0005803275405932597
slice10,slice10_original_ngtdm_Strength,0.0005750671679304405
slice10,slice10_original_glcm_Idm,0.00057365484689188
slice10,slice10_original_glszm_LowGrayLevelZoneEmphasis,0.0005676936531511102
slice10,slice10_original_firstorder_RobustMeanAbsoluteDeviation,0.0005005439341381257
slice10,slice10_original_ngtdm_Busyness,0.000495112494170285
slice10,slice10_original_glrlm_ShortRunHighGrayLevelEmphasis,0.00047991656116537463
slice10,slice10_original_glcm_SumAverage,0.0004726084582750571
slice10,slice10_original_glrlm_LongRunEmphasis,0.0004722363504211619
slice10,slice10_original_glcm_Correlation,0.00046944896531580724
slice10,slice10_original_glszm_LargeAreaLowGrayLevelEmphasis,0.00046661140677693404
slice10,slice10_original_glcm_MaximumProbability,0.0004526856192685501
slice10,slice10_original_glrlm_ShortRunEmphasis,0.0004452367591238683
slice10,slice10_original_firstorder_Median,0.0004069209107245883
slice10,slice10_original_glszm_ZoneEntropy,0.0003993093841870685
slice10,slice10_original_firstorder_Energy,0.0003961291633980172
slice10,slice10_original_glrlm_ShortRunLowGrayLevelEmphasis,0.0003904178912296895
slice10,slice10_original_gldm_LargeDependenceHighGrayLevelEmphasis,0.0003882540656855448
slice10,slice10_original_glszm_ZonePercentage,0.0003773719035014627
slice10,slice10_original_gldm_GrayLevelVariance,0.00034151978311095817
slice10,slice10_original_glcm_Id,0.0003344658125885721
slice10,slice10_original_glszm_LargeAreaEmphasis,0.0003284910616457648
slice10,slice10_original_glcm_SumEntropy,0.0003214472271752903
slice10,slice10_original_firstorder_Range,0.0003062523390035955
slice10,slice10_original_glszm_GrayLevelNonUniformityNormalized,0.0002997032372473446
slice10,slice10_original_firstorder_Mean,0.0002771513511085894
slice10,slice10_original_ngtdm_Complexity,0.00026856454166121225
slice10,slice10_original_glcm_Idn,0.0002664190894355649
slice10,slice10_original_gldm_LargeDependenceLowGrayLevelEmphasis,0.00026371282456122717
slice10,slice10_original_shape2D_Sphericity,0.00020532543244715918
slice10,slice10_original_glcm_Contrast,0.0001925108666376362
slice10,slice10_original_glrlm_RunPercentage,0.00016717039591277242
slice10,slice10_original_glszm_GrayLevelVariance,0.00016172624237140366
slice10,slice10_original_glrlm_LongRunHighGrayLevelEmphasis,0.00013702400991240753
slice10,slice10_original_glrlm_GrayLevelVariance,0.0001313393671856358
slice10,slice10_original_gldm_LowGrayLevelEmphasis,0.00010885128156980564
slice10,slice10_original_glszm_HighGrayLevelZoneEmphasis,0.00010815399530827705
slice10,slice10_original_glcm_ClusterTendency,0.00010659995293709668
slice10,slice10_original_firstorder_Skewness,0.00010643822919272013
slice10,slice10_original_glcm_Autocorrelation,0.00010538781359082642
slice10,slice10_original_glcm_JointEnergy,0.00010352261637114042
slice10,slice10_original_glrlm_RunLengthNonUniformity,9.940313146657424e-05
slice10,slice10_original_glcm_DifferenceAverage,9.548284697259401e-05
slice10,slice10_original_firstorder_RootMeanSquared,8.842763860267642e-05
slice10,slice10_original_gldm_SmallDependenceEmphasis,8.188479723764495e-05
slice10,slice10_original_glrlm_RunLengthNonUniformityNormalized,3.0608303853512435e-05
slice10,slice10_original_firstorder_10Percentile,0.0
slice10,slice10_original_firstorder_Maximum,0.0
slice10,slice10_original_firstorder_Minimum,0.0
slice10,slice10_original_firstorder_Variance,0.0
slice10,slice10_original_glrlm_LowGrayLevelRunEmphasis,0.0
slice10,slice10_original_glszm_ZoneVariance,0.0
slice10,slice10_original_gldm_DependenceNonUniformityNormalized,0.0
slice10,slice10_original_gldm_DependenceVariance,0.0
slice10,slice10_original_gldm_GrayLevelNonUniformity,0.0
slice10,slice10_original_gldm_SmallDependenceHighGrayLevelEmphasis,0.0
slice10,slice10_original_glcm_ClusterProminence,0.0
slice10,slice10_original_glcm_Imc2,0.0
slice10,slice10_original_glcm_JointEntropy,0.0
slice11,slice11_original_ngtdm_Strength,0.0028291904698284375
slice11,slice11_original_glcm_Id,0.00275068059119937
slice11,slice11_original_shape2D_MinorAxisLength,0.002379553490697792
slice11,slice11_original_glszm_ZoneEntropy,0.002268782274841614
slice11,slice11_original_gldm_SmallDependenceEmphasis,0.00218898623490133
slice11,slice11_original_gldm_GrayLevelNonUniformity,0.0020449606627475987
slice11,slice11_original_glcm_Idmn,0.002000675373175994
slice11,slice11_original_glszm_SmallAreaLowGrayLevelEmphasis,0.001999157847663502
slice11,slice11_original_glszm_ZonePercentage,0.001968254619082246
slice11,slice11_original_gldm_SmallDependenceHighGrayLevelEmphasis,0.0018933724983660504
slice11,slice11_original_glrlm_ShortRunEmphasis,0.0017998828085376791
slice11,slice11_original_glcm_Idn,0.0017569510472986924
slice11,slice11_original_glcm_Imc1,0.00175487783066475
slice11,slice11_original_glcm_Correlation,0.0017404481903395006
slice11,slice11_original_shape2D_PixelSurface,0.0017257540462409344
slice11,slice11_original_glrlm_GrayLevelNonUniformityNormalized,0.0014733508372586123
slice11,slice11_original_glcm_DifferenceVariance,0.00144557631777914
slice11,slice11_original_shape2D_MeshSurface,0.0013879771132391035
slice11,slice11_original_glcm_ClusterProminence,0.0013305240303566998
slice11,slice11_original_glrlm_GrayLevelNonUniformity,0.0013183795724928482
slice11,slice11_original_firstorder_Mean,0.0012574687625631384
slice11,slice11_original_glcm_Autocorrelation,0.0012386182187092596
slice11,slice11_original_glcm_SumSquares,0.0012281449720318721
slice11,slice11_original_firstorder_Kurtosis,0.001225154546330486
slice11,slice11_original_firstorder_Median,0.0012034356467304044
slice11,slice11_original_firstorder_Range,0.0010865565602581
slice11,slice11_original_ngtdm_Complexity,0.0010226627173381742
slice11,slice11_original_glcm_InverseVariance,0.000988170967229665
slice11,slice11_original_glszm_LargeAreaLowGrayLevelEmphasis,0.0009843493700733923
slice11,slice11_original_firstorder_Variance,0.0009777437767741288
slice11,slice11_original_glrlm_LowGrayLevelRunEmphasis,0.0009429612865237449
slice11,slice11_original_glcm_JointEntropy,0.0009409170833319181
slice11,slice11_original_firstorder_Skewness,0.000928428184320553
slice11,slice11_original_glrlm_RunVariance,0.0008951593191807415
slice11,slice11_original_shape2D_MajorAxisLength,0.0008866988496916916
slice11,slice11_original_glcm_ClusterTendency,0.0007974770667627708
slice11,slice11_original_shape2D_Elongation,0.0007969360579302976
slice11,slice11_original_glszm_SizeZoneNonUniformity,0.0007530464485532022
slice11,slice11_original_glcm_DifferenceEntropy,0.0007498343006472427
slice11,slice11_original_ngtdm_Contrast,0.0007171294967851238
slice11,slice11_original_glrlm_RunLengthNonUniformityNormalized,0.0006878985340544644
slice11,slice11_original_glrlm_RunLengthNonUniformity,0.0006821747142399316
slice11,slice11_original_glcm_JointEnergy,0.0006640741080327323
slice11,slice11_original_glszm_SmallAreaHighGrayLevelEmphasis,0.0006535138846094387
slice11,slice11_original_gldm_DependenceEntropy,0.0006420384434838215
slice11,slice11_original_glszm_LargeAreaEmphasis,0.0006387461863767817
slice11,slice11_original_firstorder_Entropy,0.0006177122686910317
slice11,slice11_original_glrlm_ShortRunLowGrayLevelEmphasis,0.0006155656287467687
slice11,slice11_original_firstorder_10Percentile,0.0005956282807451531
slice11,slice11_original_ngtdm_Busyness,0.0005865462775492575
slice11,slice11_original_shape2D_MaximumDiameter,0.000570919196370524
slice11,slice11_original_firstorder_Uniformity,0.0005705772044919665
slice11,slice11_original_firstorder_RootMeanSquared,0.0005584891783091447
slice11,slice11_original_glszm_GrayLevelVariance,0.0005497799169133566
slice11,slice11_original_glrlm_RunEntropy,0.0005076136360032214
slice11,slice11_original_firstorder_TotalEnergy,0.0005013132006687625
slice11,slice11_original_gldm_GrayLevelVariance,0.0004978504333192169
slice11,slice11_original_glszm_LowGrayLevelZoneEmphasis,0.0004957978826237617
slice11,slice11_original_shape2D_Sphericity,0.0004928843887526749
slice11,slice11_original_glszm_HighGrayLevelZoneEmphasis,0.0004690478250693332
slice11,slice11_original_glcm_MCC,0.0004563156038399836
slice11,slice11_original_firstorder_InterquartileRange,0.0004500182315325943
slice11,slice11_original_shape2D_PerimeterSurfaceRatio,0.000431777909485499
slice11,slice11_original_glcm_DifferenceAverage,0.0003701869044113851
slice11,slice11_original_glcm_ClusterShade,0.0003485128170984503
slice11,slice11_original_glszm_SizeZoneNonUniformityNormalized,0.0003167041960660647
slice11,slice11_original_glszm_SmallAreaEmphasis,0.000293785619644533
slice11,slice11_original_glrlm_LongRunLowGrayLevelEmphasis,0.00027742328474051394
slice11,slice11_original_gldm_LowGrayLevelEmphasis,0.0002676613090729087
slice11,slice11_original_glszm_ZoneVariance,0.0002541426490564869
slice11,slice11_original_glszm_GrayLevelNonUniformityNormalized,0.00023552372165112865
slice11,slice11_original_glcm_Contrast,0.000217234312481702
slice11,slice11_original_firstorder_90Percentile,0.00019620358898961646
slice11,slice11_original_glrlm_GrayLevelVariance,0.00019395589984559931
slice11,slice11_original_glcm_SumEntropy,0.00019321241469848785
slice11,slice11_original_gldm_SmallDependenceLowGrayLevelEmphasis,0.00018873010259973737
slice11,slice11_original_ngtdm_Coarseness,0.00018733327955449222
slice11,slice11_original_gldm_DependenceVariance,0.000187014820042343
slice11,slice11_original_gldm_HighGrayLevelEmphasis,0.0001604523941549834
slice11,slice11_original_firstorder_Maximum,0.00016029841717915116
slice11,slice11_original_gldm_LargeDependenceEmphasis,0.0001311063447578567
slice11,slice11_original_glszm_GrayLevelNonUniformity,0.00012488318096801795
slice11,slice11_original_glrlm_HighGrayLevelRunEmphasis,9.351107625955696e-05
slice11,slice11_original_glszm_LargeAreaHighGrayLevelEmphasis,8.087722357865366e-05
slice11,slice11_original_glcm_Idm,5.5013901760889705e-05
slice11,slice11_original_gldm_DependenceNonUniformityNormalized,4.9895286055351053e-05
slice11,slice11_original_shape2D_Perimeter,4.912914322696572e-05
slice11,slice11_original_gldm_LargeDependenceLowGrayLevelEmphasis,2.7267782857310856e-05
slice11,slice11_original_glcm_JointAverage,2.44918437539197e-05
slice11,slice11_original_glrlm_LongRunHighGrayLevelEmphasis,1.7912931949220687e-05
slice11,slice11_original_firstorder_Energy,0.0
slice11,slice11_original_firstorder_MeanAbsoluteDeviation,0.0
slice11,slice11_original_firstorder_Minimum,0.0
slice11,slice11_original_firstorder_RobustMeanAbsoluteDeviation,0.0
slice11,slice11_original_glrlm_LongRunEmphasis,0.0
slice11,slice11_original_glrlm_RunPercentage,0.0
slice11,slice11_original_glrlm_ShortRunHighGrayLevelEmphasis,0.0
slice11,slice11_original_gldm_DependenceNonUniformity,0.0
slice11,slice11_original_gldm_LargeDependenceHighGrayLevelEmphasis,0.0
slice11,slice11_original_glcm_Imc2,0.0
slice11,slice11_original_glcm_MaximumProbability,0.0
slice11,slice11_original_glcm_SumAverage,0.0
